Hotel Name	City	Country	Award
Cap Juluca, A Belmond Hotel, Anguilla	Anguilla	Anguilla	Forbes 5 Star
Hotel das Cataratas, A Belmond Hotel, Iguassu Falls	Iguassu Falls	Brazil	Forbes 5 Star
Amansara	Krong Siem Reap	Cambodia	Forbes 5 Star
Fairmont Pacific Rim	Vancouver	Canada	Forbes 5 Star
Four Seasons Hotel Toronto	Toronto	Canada	Forbes 5 Star
Shangri-La Hotel, Toronto	Toronto	Canada	Forbes 5 Star
The Hazelton Hotel	Toronto	Canada	Forbes 5 Star
The St. Regis Toronto	Toronto	Canada	Forbes 5 Star
Kimpton Seafire Resort + Spa	Grand Cayman	Cayman Islands	Forbes 5 Star
Banyan Tree Macau	Macau	China	Forbes 5 Star
Bvlgari Hotel Beijing	Beijing	China	Forbes 5 Star
Bvlgari Hotel Shanghai	Shanghai	China	Forbes 5 Star
Capella at Galaxy Macau	Macau	China	Forbes 5 Star
Capella Shanghai, Jian Ye Li	Shanghai	China	Forbes 5 Star
Emerald Tower at MGM COTAI	Macau	China	Forbes 5 Star
Encore Macau	Macau	China	Forbes 5 Star
Epic Tower at Studio City Macau	Macau	China	Forbes 5 Star
Four Seasons Hotel Macao	Macau	China	Forbes 5 Star
Galaxy Hotel Macau	Macau	China	Forbes 5 Star
Grand Lisboa Hotel	Macau	China	Forbes 5 Star
Grand Lisboa Palace Macau	Macau	China	Forbes 5 Star
Hotel Okura Macau	Macau	China	Forbes 5 Star
Londoner Court	Macau	China	Forbes 5 Star
Mandarin Oriental Pudong, Shanghai	Shanghai	China	Forbes 5 Star
MGM MACAU	Macau	China	Forbes 5 Star
Morpheus	Macau	China	Forbes 5 Star
Nuwa Macau	Macau	China	Forbes 5 Star
Paiza Grand	Macau	China	Forbes 5 Star
Paiza Lofts	Macau	China	Forbes 5 Star
Palazzo Versace Macau	Macau	China	Forbes 5 Star
Raffles at Galaxy Macau	Macau	China	Forbes 5 Star
Regent Hong Kong	Hong Kong	China	Forbes 5 Star
Skylofts at MGM COTAI	Macau	China	Forbes 5 Star
Star Tower at Studio City Macau	Macau	China	Forbes 5 Star
The Grand Suites at Four Seasons	Macau	China	Forbes 5 Star
THE KARL LAGERFELD	Macau	China	Forbes 5 Star
The Londoner Hotel	Macau	China	Forbes 5 Star
The Ritz-Carlton, Chengdu	Chengdu	China	Forbes 5 Star
The Ritz-Carlton, Guangzhou	Guangzhou	China	Forbes 5 Star
The St. Regis Hong Kong	Hong Kong	China	Forbes 5 Star
The St. Regis Macao	Macau	China	Forbes 5 Star
Wynn Macau	Macau	China	Forbes 5 Star
Wynn Palace	Macau	China	Forbes 5 Star
Dolphin Island	Rakiraki	Fiji	Forbes 5 Star
Carlton Cannes, a Regent Hotel	Cannes	France	Forbes 5 Star
Grand-Hotel du Cap-Ferrat, A Four Seasons Hotel	C&ocirc;te d'Azur	France	Forbes 5 Star
Hotel de Crillon, A Rosewood Hotel	Paris	France	Forbes 5 Star
Le Meurice, Dorchester Collection	Paris	France	Forbes 5 Star
Royal Champagne Hotel & Spa	Champillon	France	Forbes 5 Star
Andronis Luxury Suites	Santorini	Greece	Forbes 5 Star
Bvlgari Resort Bali	Bali	Indonesia	Forbes 5 Star
Caruso, A Belmond Hotel, Amalfi Coast	Ravello	Italy	Forbes 5 Star
Casa Angelina	Amalfi Coast	Italy	Forbes 5 Star
Castelfalfi	Florence	Italy	Forbes 5 Star
Cipriani, A Belmond Hotel, Venice	Venice	Italy	Forbes 5 Star
Gardena Grodnerhof	Dolomites	Italy	Forbes 5 Star
Hotel de la Ville, a Rocco Forte Hotel	Rome	Italy	Forbes 5 Star
Hotel de Russie, a Rocco Forte Hotel	Rome	Italy	Forbes 5 Star
Hotel Savoy, a Rocco Forte Hotel	Florence	Italy	Forbes 5 Star
J.K. Place Roma	Rome	Italy	Forbes 5 Star
Bvlgari Hotel Tokyo	Tokyo	Japan	Forbes 5 Star
Halekulani Okinawa	Okinawa	Japan	Forbes 5 Star
Hotel New Otani Tokyo Executive House Zen	Tokyo	Japan	Forbes 5 Star
Palace Hotel Tokyo	Tokyo	Japan	Forbes 5 Star
ROKU KYOTO, LXR Hotels & Resorts	Kyoto	Japan	Forbes 5 Star
Takanawa Hanakohro	Tokyo	Japan	Forbes 5 Star
The Capitol Hotel Tokyu	Tokyo	Japan	Forbes 5 Star
The Okura Tokyo	Tokyo	Japan	Forbes 5 Star
The Prince Gallery Tokyo Kioicho, a Luxury Collection Hotel	Tokyo	Japan	Forbes 5 Star
The Ritz-Carlton, Osaka	Osaka	Japan	Forbes 5 Star
Four Seasons Hotel Kuwait at Burj Alshaya	Al Mirqab	Kuwait	Forbes 5 Star
Waldorf Astoria Kuwait	Kuwait	Kuwait	Forbes 5 Star
Crockfords at Resorts World Genting	Kuala Lumpur	Malaysia	Forbes 5 Star
Hurawalhi Island Resort	Male	Maldives	Forbes 5 Star
JOALI BEING	Bodufushi Island	Maldives	Forbes 5 Star
LUX* South Ari Atoll	Dhidhoofinolhu	Maldives	Forbes 5 Star
Waldorf Astoria Maldives Ithaafushi	Male	Maldives	Forbes 5 Star
Iniala Valletta	Valletta	Malta	Forbes 5 Star
LUX* Belle Mare	Belle Mare	Mauritius	Forbes 5 Star
LUX* Grand Baie	Grand Baie	Mauritius	Forbes 5 Star
One&Only Le Saint Geran	Pointe de Flacq	Mauritius	Forbes 5 Star
The Oberoi Beach Resort, Mauritius	Terre Rouge	Mauritius	Forbes 5 Star
Chileno Bay Resort & Residences, Auberge Collection	Los Cabos	Mexico	Forbes 5 Star
Esperanza, Auberge Collection	Cabo San Lucas	Mexico	Forbes 5 Star
Grand Velas Los Cabos	Cabo San Lucas	Mexico	Forbes 5 Star
La Casa de la Playa	Solidaridad	Mexico	Forbes 5 Star
Maroma, A Belmond Hotel, Riviera Maya	Playa del Carmen	Mexico	Forbes 5 Star
Montage Los Cabos	Cabo San Lucas, Baja California	Mexico	Forbes 5 Star
One&Only Portonovi	Herceg Novi	Montenegro	Forbes 5 Star
Waldorf Astoria Amsterdam	Amsterdam	Netherlands	Forbes 5 Star
Nuwa Manila at City of Dreams	Manila	Philippines	Forbes 5 Star
Okada Manila	Manila	Philippines	Forbes 5 Star
Raffles Doha	Doha	Qatar	Forbes 5 Star
One&Only Gorilla's Nest	Ruhengeri	Rwanda	Forbes 5 Star
Four Seasons Hotel Riyadh at Kingdom Centre	Riyadh	Saudi Arabia	Forbes 5 Star
The Ritz-Carlton, Riyadh	Riyadh	Saudi Arabia	Forbes 5 Star
Waldorf Astoria Seychelles Platte Island	Platte Island	Seychelles	Forbes 5 Star
The Paiza Collection at Marina Bay Sands	Singapore	Singapore	Forbes 5 Star
Delaire Graff Lodge	Stellenbosch	South Africa	Forbes 5 Star
Mount Nelson, A Belmond Hotel, Cape Town	Cape Town	South Africa	Forbes 5 Star
Saxon Hotel, Villas and Spa	Sandhurst, Johannesburg	South Africa	Forbes 5 Star
The Shilla Seoul	Seoul	South Korea	Forbes 5 Star
BLESS Hotel Madrid	Madrid	Spain	Forbes 5 Star
Mandarin Oriental, Geneva	Geneva	Switzerland	Forbes 5 Star
Address Istanbul	Istanbul	Turkey	Forbes 5 Star
Cıragan Palace Kempinski Istanbul	Istanbul	Turkey	Forbes 5 Star
Raffles Istanbul	Istanbul	Turkey	Forbes 5 Star
Wymara Villas, Sunset Cove	Providenciales	Turks & Caicos	Forbes 5 Star
Address Beach Resort Dubai	Dubai	United Arab Emirates	Forbes 5 Star
Armani Hotel Dubai	Dubai	United Arab Emirates	Forbes 5 Star
Bvlgari Resort and Residences Dubai	Dubai	United Arab Emirates	Forbes 5 Star
Conrad Abu Dhabi Etihad Towers	Abu Dhabi	United Arab Emirates	Forbes 5 Star
Grosvenor House, a Luxury Collection Hotel, Dubai	Dubai	United Arab Emirates	Forbes 5 Star
Jumeirah Al Naseem	Dubai	United Arab Emirates	Forbes 5 Star
The Ritz-Carlton, Dubai	Dubai	United Arab Emirates	Forbes 5 Star
The St. Regis Dubai, The Palm	Dubai	United Arab Emirates	Forbes 5 Star
Waldorf Astoria Dubai International Financial Centre	Dubai	United Arab Emirates	Forbes 5 Star
Brown's Hotel, a Rocco Forte Hotel	London	United Kingdom	Forbes 5 Star
Bvlgari Hotel London	London	United Kingdom	Forbes 5 Star
Four Seasons Hotel London at Tower Bridge	London	United Kingdom	Forbes 5 Star
Pan Pacific London	London	United Kingdom	Forbes 5 Star
The Balmoral, a Rocco Forte Hotel	Edinburgh	United Kingdom	Forbes 5 Star
The Cadogan, A Belmond Hotel, London	London	United Kingdom	Forbes 5 Star
The Egerton House Hotel	London	United Kingdom	Forbes 5 Star
The Prince Akatoki London	London	United Kingdom	Forbes 5 Star
The Savoy	London	United Kingdom	Forbes 5 Star
Trump Turnberry	Ayrshire	United Kingdom	Forbes 5 Star
Acqualina Resort and Residences on the Beach	Sunny Isles Beach	United States	Forbes 5 Star
ARIA Sky Suites	Las Vegas	United States	Forbes 5 Star
Boston Harbor Hotel	Boston	United States	Forbes 5 Star
Chatham Bars Inn	Chatham	United States	Forbes 5 Star
Chatham Inn	Chatham	United States	Forbes 5 Star
Encore Boston Harbor	Everett	United States	Forbes 5 Star
Encore Tower Suites	Las Vegas	United States	Forbes 5 Star
ESPACIO The Jewel of Waikiki	Honolulu	United States	Forbes 5 Star
Falling Rock at Nemacolin	Farmington	United States	Forbes 5 Star
Four Seasons Hotel New York Downtown	New York	United States	Forbes 5 Star
Four Seasons Hotel Washington, D.C.	Washington D.C.	United States	Forbes 5 Star
Four Seasons Resort Palm Beach	Palm Beach	United States	Forbes 5 Star
Mandarin Oriental, Boston	Boston	United States	Forbes 5 Star
Meadowood Napa Valley	St. Helena	United States	Forbes 5 Star
Mii amo	Sedona	United States	Forbes 5 Star
Montage Deer Valley	Park City	United States	Forbes 5 Star
Montage Healdsburg	Healdsburg	United States	Forbes 5 Star
RiverView Ranch	Alberton	United States	Forbes 5 Star
Salamander Middleburg	Middleburg	United States	Forbes 5 Star
Skylofts at MGM Grand	Las Vegas	United States	Forbes 5 Star
Stein Eriksen Lodge Deer Valley	Park City	United States	Forbes 5 Star
The Canyon Suites at The Phoenician,  A Luxury Collection Resort	Scottsdale	United States	Forbes 5 Star
The Chanler at Cliff Walk	Newport	United States	Forbes 5 Star
The Chateau at Nemacolin	Farmington	United States	Forbes 5 Star
The Lodge at Sea Island	St. Simons	United States	Forbes 5 Star
The Point	Saranac Lake	United States	Forbes 5 Star
The Ritz-Carlton New York, Central Park	New York	United States	Forbes 5 Star
The Ritz-Carlton Orlando, Grande Lakes	Orlando	United States	Forbes 5 Star
The Ritz-Carlton, Half Moon Bay	Half Moon Bay	United States	Forbes 5 Star
The Sanctuary at Kiawah Island Golf Resort	Kiawah Island	United States	Forbes 5 Star
The St. Regis Atlanta	Atlanta	United States	Forbes 5 Star
The St. Regis San Francisco	San Francisco	United States	Forbes 5 Star
Trump International Hotel & Tower New York	New York	United States	Forbes 5 Star
Weekapaug Inn	Westerly	United States	Forbes 5 Star
Wynn Tower Suites	Las Vegas	United States	Forbes 5 Star
Lizard Island Resort	Lizard Island	Australia	Michelin 3 Keys
Hotel das Cataratas, A Belmond Hotel, Iguassu Falls	Iguazu Falls	Brazil	Michelin 3 Keys
Fogo Island Inn	Joe Batt's Arm	Canada	Michelin 3 Keys
Rissai Valley, a Ritz-Carlton Reserve	Jiuzhaigou	China	Michelin 3 Keys
Villa Nai 3.3	Dugi Otok	Croatia	Michelin 3 Keys
Baumanière	Les Baux de Provence	France	Michelin 3 Keys
Domaine Les Crayères	Reims	France	Michelin 3 Keys
Four Seasons Resort Megève	Megève	France	Michelin 3 Keys
Hôtel du Castellet	Le Castellet	France	Michelin 3 Keys
Le Meurice, Dorchester Collection	Paris	France	Michelin 3 Keys
Les Sources de Caudalie	Bordeaux	France	Michelin 3 Keys
Maison Villeroy	Paris	France	Michelin 3 Keys
Royal Champagne Hotel & Spa	Épernay	France	Michelin 3 Keys
Althoff Seehotel Überfahrt	Rottach-Egern	Germany	Michelin 3 Keys
Hotel Bareiss	Baiersbronn	Germany	Michelin 3 Keys
Hotel Traube Tonbach	Baiersbronn	Germany	Michelin 3 Keys
Taj Falaknuma Palace	Hyderabad	India	Michelin 3 Keys
Borgo Santo Pietro	Chiusdino	Italy	Michelin 3 Keys
Bvlgari Hotel Roma	Rome	Italy	Michelin 3 Keys
Casa Maria Luigia	Modena	Italy	Michelin 3 Keys
Corte della Maestà	Civita di Bagnoregio	Italy	Michelin 3 Keys
Hotel Cipriani, A Belmond Hotel, Venice	Venice	Italy	Michelin 3 Keys
Reschio Hotel	Lisciano Niccone	Italy	Michelin 3 Keys
Asaba	Izu	Japan	Michelin 3 Keys
Bvlgari Hotel Tokyo	Tokyo	Japan	Michelin 3 Keys
Gora Kadan	Hakonemachi, Ashigarashimo-gun	Japan	Michelin 3 Keys
Palace Hotel Tokyo	Tokyo	Japan	Michelin 3 Keys
Giraffe Manor	Nairobi	Kenya	Michelin 3 Keys
Xinalani	Puerto Vallarta	Mexico	Michelin 3 Keys
Zannier Sonop	Namib Desert	Namibia	Michelin 3 Keys
Las Casitas, A Belmond Hotel	Arequipa	Peru	Michelin 3 Keys
Penha Longa Resort	Sintra	Portugal	Michelin 3 Keys
Vila Vita Parc Resort & Spa	Alporchinhos	Portugal	Michelin 3 Keys
Abadía Retuerta LeDomaine	Valladolid	Spain	Michelin 3 Keys
Atrio Restaurante Hotel	Cáceres	Spain	Michelin 3 Keys
Terra Dominicata - Hotel & Winery	Tarragona	Spain	Michelin 3 Keys
Torre del Marqués Hotel Spa & Winery	Teruel	Spain	Michelin 3 Keys
Ceylon Tea Trails	Interior	Sri Lanka	Michelin 3 Keys
Beau-Rivage Geneva	Geneva	Switzerland	Michelin 3 Keys
The Woodward, Auberge Collection	Geneva	Switzerland	Michelin 3 Keys
Samujana Villas	Surat Thani	Thailand	Michelin 3 Keys
Bvlgari Hotel London	London	United Kingdom	Michelin 3 Keys
Le Manoir aux Quat'Saisons, A Belmond Hotel	Great Milton	United Kingdom	Michelin 3 Keys
Lucknam Park, Emblems Collection	Colerne	United Kingdom	Michelin 3 Keys
The Newt in Somerset	Bruton	United Kingdom	Michelin 3 Keys
The Savoy	London	United Kingdom	Michelin 3 Keys
Canyon Ranch Tucson	Tucson	USA	Michelin 3 Keys
Casa Cipriani New York	New York City	USA	Michelin 3 Keys
Crosby Street Hotel, Firmdale Hotels	New York City	USA	Michelin 3 Keys
Little Palm Island Resort & Spa	Florida Keys	USA	Michelin 3 Keys
Meadowood Napa Valley	Napa / Sonoma Valleys	USA	Michelin 3 Keys
Sage Lodge	Yellowstone National Park	USA	Michelin 3 Keys
SingleThread Inn	Napa / Sonoma Valleys	USA	Michelin 3 Keys
The Whitby Hotel, Firmdale Hotels	New York City	USA	Michelin 3 Keys
Amanbagh	Ajabgarh		The World's 50 Best Hotels
Amangalla	Galle		The World's 50 Best Hotels
Borgo Egnazia	Savelletri		The World's 50 Best Hotels
Casa Maria Luigia	Modena		The World's 50 Best Hotels
Desa Potato Head	Bali		The World's 50 Best Hotels
Dusit Thani Bangkok	Bangkok		The World's 50 Best Hotels
Eden Rock	St. Barths		The World's 50 Best Hotels
Ett Hem	Stockholm		The World's 50 Best Hotels
Hotel Sacher Vienna	Vienna		The World's 50 Best Hotels
Huka Lodge	Taupō		The World's 50 Best Hotels
Maçakızı	Bodrum		The World's 50 Best Hotels
Mandapa	Bali		The World's 50 Best Hotels
Montage Los Cabos	Cabo San Lucas		The World's 50 Best Hotels
Mount Nelson	Cape Town		The World's 50 Best Hotels
Palacio Nazarenas	Cusco		The World's 50 Best Hotels
Portrait Milano	Milan		The World's 50 Best Hotels
Reschio	Lisciano Niccone		The World's 50 Best Hotels
San Ysidro Ranch	Santa Barbara		The World's 50 Best Hotels
Singita – Kruger National Park	Kruger National Park		The World's 50 Best Hotels
Suján Jawai	Jawai		The World's 50 Best Hotels
The Calile	Brisbane		The World's 50 Best Hotels
The Johri	Jaipur		The World's 50 Best Hotels
The Taj Mahal Palace	Mumbai		The World's 50 Best Hotels
